{"cameraMode":{"drawMode":0,"name":"Shaded","section":"Shading Mode"},"sceneLighting":true,"audioPlay":false,"sceneViewState":{"showFog":true,"showMaterialUpdate":false,"showSkybox":true,"showFlares":true,"showImageEffects":true,"showParticleSystems":true},"in2DMode":false,"pivot":{"x":-0.10861162841320038,"y":2.2391555309295656,"z":2.1974833011627199},"rotation":{"x":0.15121090412139893,"y":0.01482223067432642,"z":-0.0022682666312903167,"w":0.9883935451507568},"size":4.645568370819092,"orthographic":false}